title,length,url,relevance
Genshin Impact - Albedo Story Quest | Traveler Observation Report,57:03,https://www.youtube.com/watch?v=lXMYHHQw3O4,100.0
Albedo Full Story Quest | Traveler Observation Report,48:26,https://www.youtube.com/watch?v=Un4je_nC2CQ,100.0
Traveler Observation Report : Find Albedo and follow his track || Albedo Story Quest,24:24,https://www.youtube.com/watch?v=Dovh1hw0M50,100.0
Albedo Story Quest |Traveler Observation Report Act.1|Genshin Impact|,68:05,https://www.youtube.com/watch?v=Bq6qXMsgIMU,100.0
Albedo Story Quest; Traveler Observation Report - (Genshin Impact),46:23,https://www.youtube.com/watch?v=6GcH33qucBE,100.0
Story Quest : Albedo - Act I: Traveler Observation Report,63:53,https://www.youtube.com/watch?v=RkRzZ7Qeoug,100.0
Albedo Story Quest Conclusion. Traveler Observation Report,4:07,https://www.youtube.com/watch?v=5RDRUm1sI8o,100.0
{Story Quest}ALBEDO|Traveler Observation Report[Genshin Impact],48:19,https://www.youtube.com/watch?v=MrSDac76hyg,100.0
Albedo's Story Quest-Traveler Observation Report Princeps Cretaceus Chapter:Act 1 HD #genshinimpact,66:16,https://www.youtube.com/watch?v=SOhknnxiHWw,100.0
Albedo's Story Quest | Princeps Cretaceus Chapter: Act 1: Traveler Observation Report | Genshin,68:51,https://www.youtube.com/watch?v=6t3gwTDjKaM,100.0
Gameplay Walkthrough Albedo Story Quest Genshin Impact - Traveler Observation Report - No Commentary,68:59,https://www.youtube.com/watch?v=C0ArEqvaJoA,100.0
Albedo Quest Guide | Traveler Observation Report Story Quest  | Genshin Impact Gameplay,68:22,https://www.youtube.com/watch?v=YFUcMkBW2SA,100.0
Genshin Impact - Albedo Story Quest (Traveler Observation Report) | BunPlusUltra,23:03,https://www.youtube.com/watch?v=8eGXB8veyhA,100.0
Traveler Observation Report | Genshin Impact | Albedo Story Quest: Act I Cutscenes (EN/Lumine),43:47,https://www.youtube.com/watch?v=Q2hkndzmoMk,100.0
Genshin Impact Traveler Observation Report -Albedo Story Quest Part 1,30:31,https://www.youtube.com/watch?v=U6gTNHTU7Tw,100.0
Albedo Story: Princeps Cretaceus Chapter: Act 1 - Traveler Observation Report | Genshin Impact,83:22,https://www.youtube.com/watch?v=wVS80jx9j_c,83.33333333333334
Traveler Observation Report Genshin Impact Albedo Questchain,55:22,https://www.youtube.com/watch?v=Ykq9RePaJM8,83.33333333333334
[Albedo Quest]Traveler Observation Report,81:21,https://www.youtube.com/watch?v=fQZ4DGQbR8Q,83.33333333333334
Full Guide: Albedo's Story - Traveler Observation Report  (1\2)- Genshin Impact,30:43,https://www.youtube.com/watch?v=-3QnGE4XeYM,83.33333333333334
Genshin impact Albedo Story Quest Traveller Observation Report,33:04,https://www.youtube.com/watch?v=DQIoy-WARD0,83.33333333333334
